participant,experience_stratum,device,stress_score_1_5
P1,Higher,CON,2
P1,Higher,ATG,3
P1,Higher,MST,2
P2,Some,CON,3
P2,Some,ATG,3
P2,Some,MST,2
P3,Higher,CON,2
P3,Higher,ATG,2
P3,Higher,MST,3
P4,Some,CON,1
P4,Some,ATG,1
P4,Some,MST,1
P5,Some,CON,2
P5,Some,ATG,3
P5,Some,MST,3
P6,Some,CON,1
P6,Some,ATG,3
P6,Some,MST,2
P9,Higher,CON,1
P9,Higher,ATG,1
P9,Higher,MST,1
P10,Some,CON,2
P10,Some,ATG,3
P10,Some,MST,4
P11,Some,CON,2
P11,Some,ATG,5
P11,Some,MST,3
P12,Higher,CON,2
P12,Higher,ATG,4
P12,Higher,MST,1
P13,,CON,4
P13,,ATG,2
P13,,MST,1
P15,,CON,2
P15,,ATG,3
P15,,MST,2
P16,Some,CON,3
P16,Some,ATG,5
P16,Some,MST,4
P17,,CON,3
P17,,ATG,4
P17,,MST,2
P18,,CON,3
P18,,ATG,3
P18,,MST,4
P19,,CON,1
P19,,ATG,1
P19,,MST,1
P20,,CON,1
P20,,ATG,1
P20,,MST,1
P21,,CON,2
P21,,ATG,5
P21,,MST,2
P22,,CON,2
P22,,ATG,3
P22,,MST,1
P23,,CON,2
P23,,ATG,2
P23,,MST,2
P24,Some,CON,1
P24,Some,ATG,2
P24,Some,MST,1
P25,,CON,3
P25,,ATG,2
P25,,MST,3
P26,,CON,2
P26,,ATG,3
P26,,MST,3
P27,,CON,2
P27,,ATG,4
P27,,MST,1
P28,Some,CON,1
P28,Some,ATG,2
P28,Some,MST,1
P29,Higher,CON,2
P29,Higher,ATG,4
P29,Higher,MST,1
P30,,CON,2
P30,,ATG,3
P30,,MST,1
