participant,device,item_number,response_1_5,positive_worded,scored_0_4
P1,CON,1,5,True,4
P1,CON,2,1,False,4
P1,CON,3,5,True,4
P1,CON,4,1,False,4
P1,CON,5,4,True,3
P1,CON,6,1,False,4
P1,CON,7,5,True,4
P1,CON,8,1,False,4
P1,CON,9,5,True,4
P1,CON,10,1,False,4
P1,ATG,1,3,True,2
P1,ATG,2,3,False,2
P1,ATG,3,3,True,2
P1,ATG,4,4,False,1
P1,ATG,5,5,True,4
P1,ATG,6,1,False,4
P1,ATG,7,4,True,3
P1,ATG,8,3,False,2
P1,ATG,9,3,True,2
P1,ATG,10,3,False,2
P1,MST,1,4,True,3
P1,MST,2,1,False,4
P1,MST,3,4,True,3
P1,MST,4,1,False,4
P1,MST,5,4,True,3
P1,MST,6,1,False,4
P1,MST,7,4,True,3
P1,MST,8,1,False,4
P1,MST,9,5,True,4
P1,MST,10,1,False,4
P2,CON,1,2,True,1
P2,CON,2,3,False,2
P2,CON,3,3,True,2
P2,CON,4,2,False,3
P2,CON,5,4,True,3
P2,CON,6,4,False,1
P2,CON,7,3,True,2
P2,CON,8,2,False,3
P2,CON,9,2,True,1
P2,CON,10,4,False,1
P2,ATG,1,2,True,1
P2,ATG,2,4,False,1
P2,ATG,3,3,True,2
P2,ATG,4,2,False,3
P2,ATG,5,4,True,3
P2,ATG,6,4,False,1
P2,ATG,7,3,True,2
P2,ATG,8,2,False,3
P2,ATG,9,2,True,1
P2,ATG,10,3,False,2
P2,MST,1,5,True,4
P2,MST,2,1,False,4
P2,MST,3,5,True,4
P2,MST,4,1,False,4
P2,MST,5,4,True,3
P2,MST,6,1,False,4
P2,MST,7,3,True,2
P2,MST,8,2,False,3
P2,MST,9,5,True,4
P2,MST,10,1,False,4
P3,CON,1,2,True,1
P3,CON,2,3,False,2
P3,CON,3,3,True,2
P3,CON,4,2,False,3
P3,CON,5,4,True,3
P3,CON,6,2,False,3
P3,CON,7,4,True,3
P3,CON,8,2,False,3
P3,CON,9,4,True,3
P3,CON,10,2,False,3
P3,ATG,1,5,True,4
P3,ATG,2,1,False,4
P3,ATG,3,4,True,3
P3,ATG,4,4,False,1
P3,ATG,5,4,True,3
P3,ATG,6,2,False,3
P3,ATG,7,4,True,3
P3,ATG,8,2,False,3
P3,ATG,9,4,True,3
P3,ATG,10,2,False,3
P3,MST,1,5,True,4
P3,MST,2,1,False,4
P3,MST,3,4,True,3
P3,MST,4,5,False,0
P3,MST,5,4,True,3
P3,MST,6,2,False,3
P3,MST,7,4,True,3
P3,MST,8,2,False,3
P3,MST,9,4,True,3
P3,MST,10,2,False,3
P4,CON,1,4,True,3
P4,CON,2,1,False,4
P4,CON,3,4,True,3
P4,CON,4,4,False,1
P4,CON,5,2,True,1
P4,CON,6,2,False,3
P4,CON,7,5,True,4
P4,CON,8,2,False,3
P4,CON,9,4,True,3
P4,CON,10,3,False,2
P4,ATG,1,4,True,3
P4,ATG,2,1,False,4
P4,ATG,3,4,True,3
P4,ATG,4,2,False,3
P4,ATG,5,4,True,3
P4,ATG,6,2,False,3
P4,ATG,7,5,True,4
P4,ATG,8,2,False,3
P4,ATG,9,5,True,4
P4,ATG,10,3,False,2
P4,MST,1,5,True,4
P4,MST,2,1,False,4
P4,MST,3,4,True,3
P4,MST,4,2,False,3
P4,MST,5,4,True,3
P4,MST,6,2,False,3
P4,MST,7,5,True,4
P4,MST,8,2,False,3
P4,MST,9,5,True,4
P4,MST,10,2,False,3
P5,CON,1,4,True,3
P5,CON,2,3,False,2
P5,CON,3,3,True,2
P5,CON,4,3,False,2
P5,CON,5,4,True,3
P5,CON,6,3,False,2
P5,CON,7,3,True,2
P5,CON,8,3,False,2
P5,CON,9,3,True,2
P5,CON,10,3,False,2
P5,ATG,1,4,True,3
P5,ATG,2,4,False,1
P5,ATG,3,4,True,3
P5,ATG,4,4,False,1
P5,ATG,5,4,True,3
P5,ATG,6,3,False,2
P5,ATG,7,3,True,2
P5,ATG,8,3,False,2
P5,ATG,9,3,True,2
P5,ATG,10,3,False,2
P5,MST,1,4,True,3
P5,MST,2,3,False,2
P5,MST,3,3,True,2
P5,MST,4,4,False,1
P5,MST,5,4,True,3
P5,MST,6,3,False,2
P5,MST,7,3,True,2
P5,MST,8,3,False,2
P5,MST,9,3,True,2
P5,MST,10,3,False,2
P6,CON,1,5,True,4
P6,CON,2,1,False,4
P6,CON,3,5,True,4
P6,CON,4,1,False,4
P6,CON,5,5,True,4
P6,CON,6,2,False,3
P6,CON,7,5,True,4
P6,CON,8,1,False,4
P6,CON,9,5,True,4
P6,CON,10,2,False,3
P6,ATG,1,3,True,2
P6,ATG,2,5,False,0
P6,ATG,3,3,True,2
P6,ATG,4,1,False,4
P6,ATG,5,3,True,2
P6,ATG,6,4,False,1
P6,ATG,7,3,True,2
P6,ATG,8,3,False,2
P6,ATG,9,3,True,2
P6,ATG,10,4,False,1
P6,MST,1,4,True,3
P6,MST,2,2,False,3
P6,MST,3,4,True,3
P6,MST,4,1,False,4
P6,MST,5,5,True,4
P6,MST,6,2,False,3
P6,MST,7,3,True,2
P6,MST,8,3,False,2
P6,MST,9,5,True,4
P6,MST,10,2,False,3
P9,CON,1,1,True,0
P9,CON,2,5,False,0
P9,CON,3,1,True,0
P9,CON,4,1,False,4
P9,CON,5,1,True,0
P9,CON,6,5,False,0
P9,CON,7,4,True,3
P9,CON,8,5,False,0
P9,CON,9,5,True,4
P9,CON,10,1,False,4
P9,ATG,1,5,True,4
P9,ATG,2,1,False,4
P9,ATG,3,5,True,4
P9,ATG,4,4,False,1
P9,ATG,5,5,True,4
P9,ATG,6,1,False,4
P9,ATG,7,2,True,1
P9,ATG,8,1,False,4
P9,ATG,9,5,True,4
P9,ATG,10,1,False,4
P9,MST,1,1,True,0
P9,MST,2,1,False,4
P9,MST,3,2,True,1
P9,MST,4,1,False,4
P9,MST,5,4,True,3
P9,MST,6,5,False,0
P9,MST,7,4,True,3
P9,MST,8,4,False,1
P9,MST,9,4,True,3
P9,MST,10,1,False,4
P10,CON,1,5,True,4
P10,CON,2,1,False,4
P10,CON,3,5,True,4
P10,CON,4,1,False,4
P10,CON,5,4,True,3
P10,CON,6,1,False,4
P10,CON,7,5,True,4
P10,CON,8,1,False,4
P10,CON,9,1,True,0
P10,CON,10,1,False,4
P10,ATG,1,3,True,2
P10,ATG,2,3,False,2
P10,ATG,3,3,True,2
P10,ATG,4,5,False,0
P10,ATG,5,4,True,3
P10,ATG,6,4,False,1
P10,ATG,7,3,True,2
P10,ATG,8,5,False,0
P10,ATG,9,3,True,2
P10,ATG,10,4,False,1
P10,MST,1,3,True,2
P10,MST,2,4,False,1
P10,MST,3,1,True,0
P10,MST,4,5,False,0
P10,MST,5,4,True,3
P10,MST,6,4,False,1
P10,MST,7,3,True,2
P10,MST,8,5,False,0
P10,MST,9,3,True,2
P10,MST,10,4,False,1
P11,CON,1,5,True,4
P11,CON,2,1,False,4
P11,CON,3,5,True,4
P11,CON,4,2,False,3
P11,CON,5,5,True,4
P11,CON,6,1,False,4
P11,CON,7,5,True,4
P11,CON,8,1,False,4
P11,CON,9,5,True,4
P11,CON,10,2,False,3
P11,ATG,1,1,True,0
P11,ATG,2,5,False,0
P11,ATG,3,1,True,0
P11,ATG,4,4,False,1
P11,ATG,5,1,True,0
P11,ATG,6,5,False,0
P11,ATG,7,1,True,0
P11,ATG,8,5,False,0
P11,ATG,9,1,True,0
P11,ATG,10,5,False,0
P11,MST,1,4,True,3
P11,MST,2,2,False,3
P11,MST,3,3,True,2
P11,MST,4,2,False,3
P11,MST,5,4,True,3
P11,MST,6,2,False,3
P11,MST,7,4,True,3
P11,MST,8,2,False,3
P11,MST,9,4,True,3
P11,MST,10,2,False,3
P12,CON,1,5,True,4
P12,CON,2,1,False,4
P12,CON,3,5,True,4
P12,CON,4,1,False,4
P12,CON,5,5,True,4
P12,CON,6,1,False,4
P12,CON,7,5,True,4
P12,CON,8,1,False,4
P12,CON,9,5,True,4
P12,CON,10,1,False,4
P12,ATG,1,2,True,1
P12,ATG,2,4,False,1
P12,ATG,3,2,True,1
P12,ATG,4,1,False,4
P12,ATG,5,3,True,2
P12,ATG,6,2,False,3
P12,ATG,7,2,True,1
P12,ATG,8,4,False,1
P12,ATG,9,4,True,3
P12,ATG,10,1,False,4
P12,MST,1,2,True,1
P12,MST,2,2,False,3
P12,MST,3,5,True,4
P12,MST,4,1,False,4
P12,MST,5,5,True,4
P12,MST,6,1,False,4
P12,MST,7,3,True,2
P12,MST,8,2,False,3
P12,MST,9,5,True,4
P12,MST,10,1,False,4
P13,CON,1,1,True,0
P13,CON,2,5,False,0
P13,CON,3,1,True,0
P13,CON,4,1,False,4
P13,CON,5,1,True,0
P13,CON,6,3,False,2
P13,CON,7,4,True,3
P13,CON,8,5,False,0
P13,CON,9,1,True,0
P13,CON,10,3,False,2
P13,ATG,1,3,True,2
P13,ATG,2,4,False,1
P13,ATG,3,1,True,0
P13,ATG,4,1,False,4
P13,ATG,5,4,True,3
P13,ATG,6,1,False,4
P13,ATG,7,4,True,3
P13,ATG,8,4,False,1
P13,ATG,9,2,True,1
P13,ATG,10,3,False,2
P13,MST,1,5,True,4
P13,MST,2,1,False,4
P13,MST,3,5,True,4
P13,MST,4,1,False,4
P13,MST,5,5,True,4
P13,MST,6,1,False,4
P13,MST,7,5,True,4
P13,MST,8,1,False,4
P13,MST,9,4,True,3
P13,MST,10,2,False,3
P15,CON,1,4,True,3
P15,CON,2,1,False,4
P15,CON,3,4,True,3
P15,CON,4,4,False,1
P15,CON,5,4,True,3
P15,CON,6,2,False,3
P15,CON,7,3,True,2
P15,CON,8,2,False,3
P15,CON,9,3,True,2
P15,CON,10,2,False,3
P15,ATG,1,2,True,1
P15,ATG,2,4,False,1
P15,ATG,3,2,True,1
P15,ATG,4,5,False,0
P15,ATG,5,4,True,3
P15,ATG,6,4,False,1
P15,ATG,7,3,True,2
P15,ATG,8,4,False,1
P15,ATG,9,3,True,2
P15,ATG,10,2,False,3
P15,MST,1,4,True,3
P15,MST,2,1,False,4
P15,MST,3,4,True,3
P15,MST,4,5,False,0
P15,MST,5,4,True,3
P15,MST,6,1,False,4
P15,MST,7,3,True,2
P15,MST,8,2,False,3
P15,MST,9,3,True,2
P15,MST,10,2,False,3
P16,CON,1,4,True,3
P16,CON,2,1,False,4
P16,CON,3,5,True,4
P16,CON,4,4,False,1
P16,CON,5,5,True,4
P16,CON,6,1,False,4
P16,CON,7,4,True,3
P16,CON,8,1,False,4
P16,CON,9,4,True,3
P16,CON,10,4,False,1
P16,ATG,1,1,True,0
P16,ATG,2,5,False,0
P16,ATG,3,1,True,0
P16,ATG,4,5,False,0
P16,ATG,5,2,True,1
P16,ATG,6,5,False,0
P16,ATG,7,2,True,1
P16,ATG,8,5,False,0
P16,ATG,9,1,True,0
P16,ATG,10,5,False,0
P16,MST,1,2,True,1
P16,MST,2,4,False,1
P16,MST,3,2,True,1
P16,MST,4,5,False,0
P16,MST,5,2,True,1
P16,MST,6,4,False,1
P16,MST,7,2,True,1
P16,MST,8,4,False,1
P16,MST,9,2,True,1
P16,MST,10,5,False,0
P17,CON,1,4,True,3
P17,CON,2,3,False,2
P17,CON,3,3,True,2
P17,CON,4,2,False,3
P17,CON,5,1,True,0
P17,CON,6,3,False,2
P17,CON,7,3,True,2
P17,CON,8,4,False,1
P17,CON,9,2,True,1
P17,CON,10,3,False,2
P17,ATG,1,4,True,3
P17,ATG,2,4,False,1
P17,ATG,3,2,True,1
P17,ATG,4,2,False,3
P17,ATG,5,3,True,2
P17,ATG,6,4,False,1
P17,ATG,7,3,True,2
P17,ATG,8,4,False,1
P17,ATG,9,2,True,1
P17,ATG,10,3,False,2
P17,MST,1,5,True,4
P17,MST,2,1,False,4
P17,MST,3,4,True,3
P17,MST,4,2,False,3
P17,MST,5,3,True,2
P17,MST,6,2,False,3
P17,MST,7,4,True,3
P17,MST,8,2,False,3
P17,MST,9,4,True,3
P17,MST,10,2,False,3
P18,CON,1,3,True,2
P18,CON,2,2,False,3
P18,CON,3,4,True,3
P18,CON,4,3,False,2
P18,CON,5,3,True,2
P18,CON,6,2,False,3
P18,CON,7,4,True,3
P18,CON,8,2,False,3
P18,CON,9,3,True,2
P18,CON,10,2,False,3
P18,ATG,1,5,True,4
P18,ATG,2,1,False,4
P18,ATG,3,5,True,4
P18,ATG,4,3,False,2
P18,ATG,5,5,True,4
P18,ATG,6,1,False,4
P18,ATG,7,4,True,3
P18,ATG,8,2,False,3
P18,ATG,9,4,True,3
P18,ATG,10,2,False,3
P18,MST,1,2,True,1
P18,MST,2,5,False,0
P18,MST,3,2,True,1
P18,MST,4,3,False,2
P18,MST,5,2,True,1
P18,MST,6,5,False,0
P18,MST,7,2,True,1
P18,MST,8,4,False,1
P18,MST,9,2,True,1
P18,MST,10,2,False,3
P19,CON,1,4,True,3
P19,CON,2,5,False,0
P19,CON,3,4,True,3
P19,CON,4,1,False,4
P19,CON,5,5,True,4
P19,CON,6,2,False,3
P19,CON,7,2,True,1
P19,CON,8,1,False,4
P19,CON,9,4,True,3
P19,CON,10,2,False,3
P19,ATG,1,4,True,3
P19,ATG,2,2,False,3
P19,ATG,3,4,True,3
P19,ATG,4,1,False,4
P19,ATG,5,5,True,4
P19,ATG,6,2,False,3
P19,ATG,7,2,True,1
P19,ATG,8,1,False,4
P19,ATG,9,4,True,3
P19,ATG,10,2,False,3
P19,MST,1,4,True,3
P19,MST,2,1,False,4
P19,MST,3,5,True,4
P19,MST,4,1,False,4
P19,MST,5,5,True,4
P19,MST,6,1,False,4
P19,MST,7,2,True,1
P19,MST,8,1,False,4
P19,MST,9,5,True,4
P19,MST,10,2,False,3
P20,CON,1,5,True,4
P20,CON,2,1,False,4
P20,CON,3,4,True,3
P20,CON,4,1,False,4
P20,CON,5,5,True,4
P20,CON,6,2,False,3
P20,CON,7,5,True,4
P20,CON,8,2,False,3
P20,CON,9,5,True,4
P20,CON,10,1,False,4
P20,ATG,1,5,True,4
P20,ATG,2,1,False,4
P20,ATG,3,5,True,4
P20,ATG,4,1,False,4
P20,ATG,5,5,True,4
P20,ATG,6,3,False,2
P20,ATG,7,5,True,4
P20,ATG,8,1,False,4
P20,ATG,9,5,True,4
P20,ATG,10,1,False,4
P20,MST,1,4,True,3
P20,MST,2,1,False,4
P20,MST,3,2,True,1
P20,MST,4,1,False,4
P20,MST,5,2,True,1
P20,MST,6,4,False,1
P20,MST,7,2,True,1
P20,MST,8,5,False,0
P20,MST,9,5,True,4
P20,MST,10,1,False,4
P21,CON,1,4,True,3
P21,CON,2,3,False,2
P21,CON,3,4,True,3
P21,CON,4,3,False,2
P21,CON,5,4,True,3
P21,CON,6,2,False,3
P21,CON,7,5,True,4
P21,CON,8,2,False,3
P21,CON,9,5,True,4
P21,CON,10,2,False,3
P21,ATG,1,3,True,2
P21,ATG,2,5,False,0
P21,ATG,3,2,True,1
P21,ATG,4,4,False,1
P21,ATG,5,4,True,3
P21,ATG,6,4,False,1
P21,ATG,7,3,True,2
P21,ATG,8,4,False,1
P21,ATG,9,2,True,1
P21,ATG,10,4,False,1
P21,MST,1,5,True,4
P21,MST,2,2,False,3
P21,MST,3,2,True,1
P21,MST,4,2,False,3
P21,MST,5,3,True,2
P21,MST,6,2,False,3
P21,MST,7,4,True,3
P21,MST,8,2,False,3
P21,MST,9,5,True,4
P21,MST,10,2,False,3
P22,CON,1,3,True,2
P22,CON,2,2,False,3
P22,CON,3,4,True,3
P22,CON,4,2,False,3
P22,CON,5,3,True,2
P22,CON,6,4,False,1
P22,CON,7,4,True,3
P22,CON,8,2,False,3
P22,CON,9,4,True,3
P22,CON,10,3,False,2
P22,ATG,1,2,True,1
P22,ATG,2,4,False,1
P22,ATG,3,2,True,1
P22,ATG,4,2,False,3
P22,ATG,5,2,True,1
P22,ATG,6,3,False,2
P22,ATG,7,2,True,1
P22,ATG,8,4,False,1
P22,ATG,9,4,True,3
P22,ATG,10,4,False,1
P22,MST,1,4,True,3
P22,MST,2,2,False,3
P22,MST,3,4,True,3
P22,MST,4,2,False,3
P22,MST,5,3,True,2
P22,MST,6,2,False,3
P22,MST,7,2,True,1
P22,MST,8,3,False,2
P22,MST,9,4,True,3
P22,MST,10,2,False,3
P23,CON,1,4,True,3
P23,CON,2,1,False,4
P23,CON,3,4,True,3
P23,CON,4,2,False,3
P23,CON,5,4,True,3
P23,CON,6,2,False,3
P23,CON,7,4,True,3
P23,CON,8,2,False,3
P23,CON,9,4,True,3
P23,CON,10,2,False,3
P23,ATG,1,4,True,3
P23,ATG,2,2,False,3
P23,ATG,3,4,True,3
P23,ATG,4,2,False,3
P23,ATG,5,4,True,3
P23,ATG,6,2,False,3
P23,ATG,7,4,True,3
P23,ATG,8,2,False,3
P23,ATG,9,4,True,3
P23,ATG,10,2,False,3
P23,MST,1,4,True,3
P23,MST,2,4,False,1
P23,MST,3,3,True,2
P23,MST,4,2,False,3
P23,MST,5,4,True,3
P23,MST,6,2,False,3
P23,MST,7,3,True,2
P23,MST,8,3,False,2
P23,MST,9,4,True,3
P23,MST,10,2,False,3
P24,CON,1,5,True,4
P24,CON,2,3,False,2
P24,CON,3,4,True,3
P24,CON,4,2,False,3
P24,CON,5,4,True,3
P24,CON,6,2,False,3
P24,CON,7,4,True,3
P24,CON,8,2,False,3
P24,CON,9,4,True,3
P24,CON,10,1,False,4
P24,ATG,1,3,True,2
P24,ATG,2,3,False,2
P24,ATG,3,3,True,2
P24,ATG,4,3,False,2
P24,ATG,5,3,True,2
P24,ATG,6,4,False,1
P24,ATG,7,4,True,3
P24,ATG,8,3,False,2
P24,ATG,9,3,True,2
P24,ATG,10,1,False,4
P24,MST,1,5,True,4
P24,MST,2,1,False,4
P24,MST,3,5,True,4
P24,MST,4,1,False,4
P24,MST,5,5,True,4
P24,MST,6,1,False,4
P24,MST,7,4,True,3
P24,MST,8,1,False,4
P24,MST,9,5,True,4
P24,MST,10,1,False,4
P25,CON,1,2,True,1
P25,CON,2,2,False,3
P25,CON,3,2,True,1
P25,CON,4,2,False,3
P25,CON,5,4,True,3
P25,CON,6,1,False,4
P25,CON,7,4,True,3
P25,CON,8,2,False,3
P25,CON,9,2,True,1
P25,CON,10,2,False,3
P25,ATG,1,4,True,3
P25,ATG,2,2,False,3
P25,ATG,3,4,True,3
P25,ATG,4,2,False,3
P25,ATG,5,4,True,3
P25,ATG,6,1,False,4
P25,ATG,7,4,True,3
P25,ATG,8,2,False,3
P25,ATG,9,2,True,1
P25,ATG,10,2,False,3
P25,MST,1,3,True,2
P25,MST,2,4,False,1
P25,MST,3,2,True,1
P25,MST,4,2,False,3
P25,MST,5,4,True,3
P25,MST,6,1,False,4
P25,MST,7,4,True,3
P25,MST,8,4,False,1
P25,MST,9,2,True,1
P25,MST,10,4,False,1
P26,CON,1,4,True,3
P26,CON,2,1,False,4
P26,CON,3,5,True,4
P26,CON,4,1,False,4
P26,CON,5,4,True,3
P26,CON,6,2,False,3
P26,CON,7,5,True,4
P26,CON,8,1,False,4
P26,CON,9,5,True,4
P26,CON,10,2,False,3
P26,ATG,1,3,True,2
P26,ATG,2,3,False,2
P26,ATG,3,3,True,2
P26,ATG,4,3,False,2
P26,ATG,5,4,True,3
P26,ATG,6,2,False,3
P26,ATG,7,3,True,2
P26,ATG,8,3,False,2
P26,ATG,9,4,True,3
P26,ATG,10,3,False,2
P26,MST,1,3,True,2
P26,MST,2,3,False,2
P26,MST,3,3,True,2
P26,MST,4,3,False,2
P26,MST,5,4,True,3
P26,MST,6,2,False,3
P26,MST,7,3,True,2
P26,MST,8,3,False,2
P26,MST,9,4,True,3
P26,MST,10,3,False,2
P27,CON,1,4,True,3
P27,CON,2,5,False,0
P27,CON,3,4,True,3
P27,CON,4,3,False,2
P27,CON,5,1,True,0
P27,CON,6,3,False,2
P27,CON,7,5,True,4
P27,CON,8,3,False,2
P27,CON,9,5,True,4
P27,CON,10,2,False,3
P27,ATG,1,1,True,0
P27,ATG,2,5,False,0
P27,ATG,3,2,True,1
P27,ATG,4,5,False,0
P27,ATG,5,5,True,4
P27,ATG,6,5,False,0
P27,ATG,7,2,True,1
P27,ATG,8,5,False,0
P27,ATG,9,1,True,0
P27,ATG,10,5,False,0
P27,MST,1,5,True,4
P27,MST,2,1,False,4
P27,MST,3,5,True,4
P27,MST,4,1,False,4
P27,MST,5,5,True,4
P27,MST,6,3,False,2
P27,MST,7,5,True,4
P27,MST,8,3,False,2
P27,MST,9,5,True,4
P27,MST,10,1,False,4
P28,CON,1,2,True,1
P28,CON,2,4,False,1
P28,CON,3,3,True,2
P28,CON,4,1,False,4
P28,CON,5,4,True,3
P28,CON,6,3,False,2
P28,CON,7,3,True,2
P28,CON,8,3,False,2
P28,CON,9,3,True,2
P28,CON,10,2,False,3
P28,ATG,1,1,True,0
P28,ATG,2,5,False,0
P28,ATG,3,2,True,1
P28,ATG,4,1,False,4
P28,ATG,5,1,True,0
P28,ATG,6,4,False,1
P28,ATG,7,2,True,1
P28,ATG,8,5,False,0
P28,ATG,9,1,True,0
P28,ATG,10,2,False,3
P28,MST,1,5,True,4
P28,MST,2,1,False,4
P28,MST,3,5,True,4
P28,MST,4,1,False,4
P28,MST,5,5,True,4
P28,MST,6,1,False,4
P28,MST,7,4,True,3
P28,MST,8,1,False,4
P28,MST,9,5,True,4
P28,MST,10,1,False,4
P29,CON,1,4,True,3
P29,CON,2,2,False,3
P29,CON,3,3,True,2
P29,CON,4,4,False,1
P29,CON,5,4,True,3
P29,CON,6,2,False,3
P29,CON,7,4,True,3
P29,CON,8,3,False,2
P29,CON,9,3,True,2
P29,CON,10,4,False,1
P29,ATG,1,3,True,2
P29,ATG,2,2,False,3
P29,ATG,3,2,True,1
P29,ATG,4,4,False,1
P29,ATG,5,4,True,3
P29,ATG,6,5,False,0
P29,ATG,7,4,True,3
P29,ATG,8,5,False,0
P29,ATG,9,1,True,0
P29,ATG,10,5,False,0
P29,MST,1,4,True,3
P29,MST,2,2,False,3
P29,MST,3,4,True,3
P29,MST,4,4,False,1
P29,MST,5,4,True,3
P29,MST,6,1,False,4
P29,MST,7,4,True,3
P29,MST,8,1,False,4
P29,MST,9,5,True,4
P29,MST,10,1,False,4
P30,CON,1,4,True,3
P30,CON,2,2,False,3
P30,CON,3,4,True,3
P30,CON,4,2,False,3
P30,CON,5,4,True,3
P30,CON,6,2,False,3
P30,CON,7,4,True,3
P30,CON,8,2,False,3
P30,CON,9,4,True,3
P30,CON,10,2,False,3
P30,ATG,1,2,True,1
P30,ATG,2,5,False,0
P30,ATG,3,2,True,1
P30,ATG,4,4,False,1
P30,ATG,5,2,True,1
P30,ATG,6,4,False,1
P30,ATG,7,2,True,1
P30,ATG,8,4,False,1
P30,ATG,9,2,True,1
P30,ATG,10,4,False,1
P30,MST,1,4,True,3
P30,MST,2,3,False,2
P30,MST,3,4,True,3
P30,MST,4,3,False,2
P30,MST,5,4,True,3
P30,MST,6,2,False,3
P30,MST,7,4,True,3
P30,MST,8,2,False,3
P30,MST,9,4,True,3
P30,MST,10,2,False,3
