participant,experience_stratum,device,adapted_lpc_usability_index_0_100
P1,Higher,CON,97.5
P1,Higher,ATG,60.0
P1,Higher,MST,90.0
P2,Some,CON,47.5
P2,Some,ATG,47.5
P2,Some,MST,90.0
P3,Higher,CON,65.0
P3,Higher,ATG,75.0
P3,Higher,MST,72.5
P4,Some,CON,67.5
P4,Some,ATG,80.0
P4,Some,MST,85.0
P5,Some,CON,55.0
P5,Some,ATG,52.5
P5,Some,MST,52.5
P6,Some,CON,95.0
P6,Some,ATG,45.0
P6,Some,MST,77.5
P9,Higher,CON,37.5
P9,Higher,ATG,85.0
P9,Higher,MST,57.5
P10,Some,CON,87.5
P10,Some,ATG,37.5
P10,Some,MST,30.0
P11,Some,CON,95.0
P11,Some,ATG,2.5
P11,Some,MST,72.5
P12,Higher,CON,100.0
P12,Higher,ATG,52.5
P12,Higher,MST,82.5
P13,,CON,27.5
P13,,ATG,52.5
P13,,MST,95.0
P15,,CON,67.5
P15,,ATG,37.5
P15,,MST,67.5
P16,Some,CON,77.5
P16,Some,ATG,5.0
P16,Some,MST,20.0
P17,,CON,45.0
P17,,ATG,42.5
P17,,MST,77.5
P18,,CON,65.0
P18,,ATG,85.0
P18,,MST,27.5
P19,,CON,70.0
P19,,ATG,77.5
P19,,MST,87.5
P20,,CON,92.5
P20,,ATG,95.0
P20,,MST,57.5
P21,,CON,75.0
P21,,ATG,32.5
P21,,MST,72.5
P22,,CON,62.5
P22,,ATG,37.5
P22,,MST,65.0
P23,,CON,77.5
P23,,ATG,75.0
P23,,MST,62.5
P24,Some,CON,77.5
P24,Some,ATG,55.0
P24,Some,MST,97.5
P25,,CON,62.5
P25,,ATG,72.5
P25,,MST,50.0
P26,,CON,90.0
P26,,ATG,57.5
P26,,MST,57.5
P27,,CON,57.5
P27,,ATG,15.0
P27,,MST,90.0
P28,Some,CON,55.0
P28,Some,ATG,25.0
P28,Some,MST,97.5
P29,Higher,CON,57.5
P29,Higher,ATG,32.5
P29,Higher,MST,80.0
P30,,CON,75.0
P30,,ATG,22.5
P30,,MST,70.0
