question,response,n,percent_of_27
most_comfortable,MST,14,51.851851851851855
most_comfortable,CON,8,29.62962962962963
most_comfortable,ATG,5,18.51851851851852
least_stressful,MST,12,44.44444444444444
least_stressful,ATG,5,18.51851851851852
least_stressful,I didn't feel stressful with any technique,5,18.51851851851852
least_stressful,CON,5,18.51851851851852
favourite,MST,10,37.03703703703704
favourite,CON,8,29.62962962962963
favourite,ATG,5,18.51851851851852
favourite,No preference,4,14.814814814814817
